{
  "schemes": [
    "方案A:基础型",
    "方案B:均衡型",
    "方案C:激进型",
    "方案D:离网型"
  ],
  "indicators": [
    "能源自洽率",
    "NPC(万元)",
    "投资回收期",
    "供电可靠率",
    "年碳减排"
  ],
  "ranking": [
    [
      "方案A:基础型",
      NaN,
      1
    ],
    [
      "方案B:均衡型",
      NaN,
      2
    ],
    [
      "方案C:激进型",
      NaN,
      3
    ],
    [
      "方案D:离网型",
      NaN,
      4
    ]
  ],
  "best_scheme": "方案A:基础型",
  "ahp_weights": [
    0.1699009809011498,
    0.23643100129317118,
    0.23643100129317118,
    0.28437808484524296,
    0.07285893166726486
  ],
  "entropy_weights": [
    0.09963345239247481,
    0.2254559281608955,
    0.4689692511436596,
    0.10630791591049524,
    0.09963345239247481
  ],
  "critic_weights": [
    NaN,
    NaN,
    NaN,
    NaN,
    NaN
  ],
  "combined_weights": [
    NaN,
    NaN,
    NaN,
    NaN,
    NaN
  ],
  "topsis_scores": [
    NaN,
    NaN,
    NaN,
    NaN
  ],
  "topsis_rank": [
    1,
    2,
    3,
    4
  ]
}