{
  "schemes": [
    "方案A:基础型",
    "方案B:均衡型",
    "方案C:激进型",
    "方案D:离网型"
  ],
  "indicators": [
    "能源自洽率",
    "NPC(万元)",
    "投资回收期",
    "供电可靠率",
    "年碳减排"
  ],
  "ranking": [
    [
      "方案B:均衡型",
      0.6684796318232192,
      1
    ],
    [
      "方案A:基础型",
      0.6180668294646702,
      2
    ],
    [
      "方案C:激进型",
      0.5684594681481039,
      3
    ],
    [
      "方案D:离网型",
      0.3818716539597833,
      4
    ]
  ],
  "best_scheme": "方案B:均衡型",
  "ahp_weights": [
    0.1699009809011498,
    0.23643100129317118,
    0.23643100129317118,
    0.28437808484524296,
    0.07285893166726486
  ],
  "entropy_weights": [
    0.17709160615412115,
    0.23729533992424387,
    0.23430772112366655,
    0.15655415789448768,
    0.19475117490348084
  ],
  "critic_weights": [
    0.2211960864013699,
    0.09864316839160908,
    0.09672595431482203,
    0.4338877237613297,
    0.14954706713086927
  ],
  "combined_weights": [
    0.17070739477806895,
    0.14195205264215696,
    0.13744061109276665,
    0.4954720114188459,
    0.05442793006816156
  ],
  "topsis_scores": [
    0.6180668294646702,
    0.6684796318232192,
    0.5684594681481039,
    0.3818716539597833
  ],
  "topsis_rank": [
    2,
    1,
    3,
    4
  ]
}