{
  "schemes": [
    "方案A:基础型",
    "方案B:均衡型",
    "方案C:激进型",
    "方案D:离网型"
  ],
  "indicators": [
    "能源自洽率",
    "NPC(万元)",
    "投资回收期",
    "供电可靠率",
    "年碳减排"
  ],
  "ranking": [
    [
      "方案A:基础型",
      NaN,
      1
    ],
    [
      "方案B:均衡型",
      NaN,
      2
    ],
    [
      "方案C:激进型",
      NaN,
      3
    ],
    [
      "方案D:离网型",
      NaN,
      4
    ]
  ],
  "best_scheme": "方案A:基础型",
  "ahp_weights": [
    0.1699009809011498,
    0.23643100129317118,
    0.23643100129317118,
    0.28437808484524296,
    0.07285893166726486
  ],
  "entropy_weights": [
    0.10069772836436681,
    0.2122857747521093,
    0.4779708836909841,
    0.10834844371389488,
    0.10069716947864496
  ],
  "critic_weights": [
    NaN,
    NaN,
    NaN,
    NaN,
    NaN
  ],
  "combined_weights": [
    NaN,
    NaN,
    NaN,
    NaN,
    NaN
  ],
  "topsis_scores": [
    NaN,
    NaN,
    NaN,
    NaN
  ],
  "topsis_rank": [
    1,
    2,
    3,
    4
  ]
}