{
  "workday": {
    "peak_mean": 1449.108570430825,
    "peak_std": 142.3512020601112,
    "peak_p95": 1619.9349741400501,
    "daily_energy_mean": 9861.419081326028,
    "hourly_p50": [
      0.0,
      0.0,
      0.0,
      0.0,
      0.0,
      0.0,
      0.0,
      48.79329869967472,
      218.31829270579698,
      597.4042863939385,
      1048.899288807051,
      1260.4787206425406,
      1205.2173296064077,
      1136.8253366944534,
      1204.4639417012063,
      1187.7598942845182,
      949.2830921750026,
      568.7896944314084,
      249.25847137054657,
      79.41231381520925,
      7.297358722303038,
      0.0,
      0.0,
      0.0
    ],
    "hourly_p95": [
      0.0,
      0.0,
      0.0,
      0.0,
      0.0,
      0.0,
      49.73321553876144,
      145.8928905907518,
      395.40435015516584,
      878.6705683938769,
      1392.3539290575122,
      1619.9349741400501,
      1538.5509832392565,
      1489.0754705559475,
      1541.536763243828,
      1527.9060176671978,
      1284.9107780128263,
      849.6565794381108,
      435.4414294897792,
      197.98995086848828,
      81.11035175489087,
      32.2939623627871,
      0.0,
      0.0
    ]
  },
  "weekend": {
    "peak_mean": 1675.681536448408,
    "peak_std": 135.9883829246148,
    "peak_p95": 1820.429740318928,
    "daily_energy_mean": 11912.285376593607,
    "hourly_p50": [
      0.0,
      0.0,
      0.0,
      0.0,
      0.0,
      0.0,
      0.0,
      64.31364829754068,
      281.75524362566705,
      751.084486829853,
      1280.1470690605786,
      1497.3502584576827,
      1427.6477973490566,
      1373.1610271986106,
      1432.5556861985883,
      1418.6890422618826,
      1162.3614897880243,
      711.1500196338056,
      312.16880853095023,
      98.4626150499254,
      13.253018573735229,
      0.0,
      0.0,
      0.0
    ],
    "hourly_p95": [
      0.0,
      0.0,
      0.0,
      0.0,
      0.0,
      0.03880295665076088,
      57.24543027675891,
      172.4447140353927,
      483.0481133362443,
      1058.9530050070432,
      1638.37440333425,
      1820.429740318928,
      1759.4836621503891,
      1718.3564772170143,
      1768.1422880990422,
      1761.305501972991,
      1506.4573168971476,
      1009.2051497916694,
      512.109140679254,
      224.33502029109468,
      86.64073528064667,
      36.32539467629921,
      0.0,
      0.0
    ]
  },
  "holiday": {
    "peak_mean": 1840.599563819404,
    "peak_std": 120.26501670946955,
    "peak_p95": 1970.357456676201,
    "daily_energy_mean": 13638.310081965667,
    "hourly_p50": [
      0.0,
      0.0,
      0.0,
      0.0,
      0.0,
      0.0,
      0.0,
      75.65416021201717,
      336.74210823959555,
      898.5430929881056,
      1494.1518305215875,
      1675.1769381236547,
      1610.438870738518,
      1564.2633178327574,
      1625.0862828179102,
      1605.5681984824796,
      1343.7987271114766,
      845.8605554527976,
      372.6756318950125,
      118.92893735526201,
      20.993316619320908,
      0.0,
      0.0,
      0.0
    ],
    "hourly_p95": [
      0.0,
      0.0,
      0.0,
      0.0,
      0.0,
      11.22156877517615,
      62.09302760229152,
      191.5719826698214,
      554.8335460003741,
      1232.129309087443,
      1822.5540462857914,
      1970.357456676201,
      1918.7206509305477,
      1872.995131398474,
      1936.7720408603611,
      1906.480234193096,
      1675.1777246038766,
      1171.1088623487408,
      597.433501277119,
      254.71194271003225,
      102.92502765246468,
      40.821374195298866,
      0.0,
      0.0
    ]
  },
  "spring_festival": {
    "peak_mean": 1965.948888993828,
    "peak_std": 110.01495295301662,
    "peak_p95": 2083.164996304705,
    "daily_energy_mean": 15172.311383463275,
    "hourly_p50": [
      0.0,
      0.0,
      0.0,
      0.0,
      0.0,
      0.0,
      0.0,
      92.22335905571688,
      397.13735115992915,
      1058.8546657975635,
      1655.205765031837,
      1808.2016108284572,
      1756.697514380673,
      1724.529426042985,
      1771.7618558911377,
      1753.4674213828548,
      1505.6923124071986,
      987.1344299631421,
      447.6651776270715,
      142.83157125352875,
      28.66953661777373,
      0.0,
      0.0,
      0.0
    ],
    "hourly_p95": [
      0.0,
      0.0,
      0.0,
      0.0,
      0.0,
      9.592025332522695,
      71.63787911112404,
      217.60819709440435,
      631.4743948617846,
      1392.3073892990635,
      1964.9227914646015,
      2083.164996304705,
      2024.4010635631362,
      2005.8352669207889,
      2049.1820831112973,
      2028.766100440619,
      1821.6664611959966,
      1317.861964219194,
      694.2192576262919,
      287.5448493469663,
      109.32823052800723,
      42.05416795047456,
      0.0,
      0.0
    ]
  }
}