{
  "workday": {
    "peak_mean": 656.1967099993504,
    "peak_std": 91.7848068104615,
    "peak_p95": 730.2789445017632,
    "daily_energy_mean": 5688.022411829382,
    "hourly_p50": [
      32.315784580637605,
      44.290202490872815,
      42.07741749353474,
      43.35689554177884,
      85.94586946897188,
      182.67930688658203,
      280.0309242148134,
      381.31806257900075,
      483.04727646986754,
      508.60094667489784,
      427.86618497265107,
      332.15995228819827,
      394.78319885726034,
      493.9484165445731,
      513.8123157507366,
      420.95790121025084,
      326.0114145396774,
      223.61046369146663,
      159.82772448355024,
      108.17757948493255,
      56.949968655572256,
      0.0,
      0.0,
      0.0
    ],
    "hourly_p95": [
      111.93137005341762,
      128.78437868743092,
      128.92934491808595,
      130.46923855569997,
      195.6900332698221,
      330.8985333566798,
      439.3849113494705,
      576.226257560479,
      714.2683031421192,
      730.2789445017632,
      638.8483235499954,
      524.8118087145331,
      597.484030394389,
      707.7040019312226,
      728.2930871984499,
      635.1220456661212,
      506.9268841404001,
      376.61749866075434,
      295.445019036289,
      223.34263085452983,
      153.51825785320997,
      52.80437306879565,
      0.0,
      0.0
    ]
  },
  "weekend": {
    "peak_mean": 1072.884108895822,
    "peak_std": 116.54599591836728,
    "peak_p95": 1198.4533168558996,
    "daily_energy_mean": 10606.366212238647,
    "hourly_p50": [
      112.66864742990482,
      91.75158262087245,
      68.91891564284285,
      71.13711048750932,
      132.76882431211965,
      335.2937938476317,
      565.1359160945856,
      725.1070230130522,
      892.8056681937467,
      854.8502466542718,
      720.9600485677089,
      576.2871778015266,
      649.7218926694287,
      807.9382288972733,
      907.7812856639305,
      810.4083927937155,
      641.501702758704,
      498.8114245369301,
      336.22283061871025,
      247.0918261999472,
      168.07314951936874,
      89.66945790243862,
      69.74447824484275,
      68.94522947356592
    ],
    "hourly_p95": [
      233.31164192609967,
      203.7044631876455,
      161.09344369444892,
      167.8670090389407,
      257.0873074976145,
      519.8442857254378,
      804.759628643456,
      995.4886624310778,
      1198.4533168558996,
      1163.7535047417325,
      1006.5005955903281,
      819.3160001928916,
      909.6167886921065,
      1095.0035991455197,
      1198.2024790634937,
      1080.1404391796475,
      910.2571582044517,
      707.4430169062449,
      534.919289387674,
      405.35021404995393,
      305.8828292145199,
      197.60683335918586,
      170.784265167632,
      182.64572860438656
    ]
  },
  "holiday": {
    "peak_mean": 1774.695425567944,
    "peak_std": 104.99149955031854,
    "peak_p95": 1892.5418733906079,
    "daily_energy_mean": 21716.127232927745,
    "hourly_p50": [
      331.98480071725135,
      317.2118502613396,
      169.10645386033912,
      143.31379893982296,
      368.0373966461044,
      787.36228528176,
      1193.4335115337988,
      1439.4651921249124,
      1607.7417004375188,
      1568.3655649262387,
      1414.9946942920765,
      1197.5352697846097,
      1337.405024195114,
      1524.108359435802,
      1619.92996813721,
      1501.6434234737103,
      1298.2423971125204,
      1059.5317785560646,
      788.9700443865511,
      614.2797430401827,
      468.49082299720163,
      320.03023413093206,
      282.7429775276556,
      280.8808670115943
    ],
    "hourly_p95": [
      526.1247775276735,
      507.6743692195607,
      324.8395568312751,
      270.84596921223624,
      567.437553811528,
      1055.7356760149596,
      1485.5834254835586,
      1728.9493147699475,
      1887.1136876935684,
      1844.4476165060312,
      1707.5527215109823,
      1500.981979168657,
      1629.7491276490512,
      1785.32646815475,
      1892.5418733906079,
      1796.5758076376499,
      1614.4572384031155,
      1354.3860870425378,
      1067.9804024186521,
      861.4550717887032,
      691.3410659858708,
      503.5893087676446,
      464.51274929404224,
      454.31492771924286
    ]
  },
  "spring_festival": {
    "peak_mean": 1986.694732250153,
    "peak_std": 85.29788424850067,
    "peak_p95": 2073.3763300798337,
    "daily_energy_mean": 27761.910917674977,
    "hourly_p50": [
      413.0199038947919,
      402.7156857389914,
      356.826879508726,
      362.20304367761673,
      642.738146137221,
      1128.4079900610345,
      1549.9004434967437,
      1733.6540057841162,
      1855.7340018248137,
      1819.5159475630476,
      1625.6271005697586,
      1413.2522792537334,
      1552.9471222922552,
      1768.7411600970258,
      1860.717356189577,
      1758.9037171552677,
      1610.0796401082275,
      1421.9697216841578,
      1129.1328284665929,
      932.601223681897,
      757.6781490126266,
      570.0447773570893,
      544.0916299984033,
      542.8673928933329
    ],
    "hourly_p95": [
      642.1558455791643,
      606.8155230669113,
      539.9899924705096,
      545.5098292143196,
      894.8231183362763,
      1428.6695864534468,
      1793.7008704646507,
      1984.3734455165916,
      2057.934500118388,
      2024.3725483732057,
      1898.2789032712378,
      1700.4490414628408,
      1819.3868710344923,
      2021.7228168031572,
      2073.3763300798337,
      1989.2851780136125,
      1874.2814140174855,
      1695.4260313906939,
      1428.1726235231763,
      1232.2148111018332,
      1034.7023158573668,
      810.6151685306613,
      773.107536260964,
      778.8912038565223
    ]
  }
}