{
  "workday": {
    "peak_mean": 1177.4630110650785,
    "peak_std": 142.46508812026548,
    "peak_p95": 1300.6919220026477,
    "daily_energy_mean": 10489.311564630752,
    "hourly_p50": [
      21.535634536956337,
      0.0,
      0.0,
      0.0,
      0.0,
      0.0,
      55.534038854310715,
      147.02976417738597,
      305.2049258092365,
      525.6385507573169,
      787.0176224270433,
      933.7612820782521,
      898.5646595206073,
      842.0127414299202,
      893.7360564967239,
      949.9214173943781,
      897.5138818262643,
      779.484150145237,
      669.7939675286007,
      573.1771875023005,
      413.15817254565394,
      295.9305750784753,
      204.52424620014767,
      113.30440019206497
    ],
    "hourly_p95": [
      102.80748259471918,
      60.0,
      0.0,
      0.0,
      0.0,
      0.0,
      164.48106073891748,
      307.53270037944515,
      524.563014390132,
      795.0934663872412,
      1120.4962229726661,
      1281.5616633924367,
      1231.8006503121517,
      1171.2116253477468,
      1235.8832642544503,
      1300.6919220026477,
      1238.1484874127248,
      1106.6781853083116,
      964.0634867872858,
      866.3989545440556,
      656.6272877225163,
      508.2740200619054,
      380.8749830582537,
      254.47756909510065
    ]
  },
  "weekend": {
    "peak_mean": 1389.7585455451087,
    "peak_std": 152.62000865247035,
    "peak_p95": 1520.2838325116008,
    "daily_energy_mean": 13089.080092392838,
    "hourly_p50": [
      22.01957813625252,
      38.657508031787735,
      0.0,
      0.0,
      0.0,
      22.898451748280166,
      102.29855219083518,
      259.4803197956055,
      482.2653079230063,
      742.5963176731836,
      1016.7536373042346,
      1136.7377773134845,
      1116.2973128026988,
      1007.2855388121436,
      1062.3266666022068,
      1135.0564025649212,
      1053.4161387161691,
      915.4186855511521,
      808.9579638208957,
      683.6858528913141,
      512.2449318198445,
      359.0012673913872,
      252.36814771329932,
      159.47788865418488
    ],
    "hourly_p95": [
      105.2684443299954,
      128.22950540595878,
      60.0,
      0.0,
      0.0,
      103.3615462414178,
      241.9018704582427,
      457.684152012975,
      738.7441118264682,
      1051.2746347891039,
      1388.6879990146729,
      1520.2838325116008,
      1493.448823654892,
      1373.6458331275128,
      1449.001758776076,
      1508.4078284495035,
      1422.239141133921,
      1260.600655079471,
      1123.8530777131311,
      979.8933958391314,
      777.5285413385357,
      585.6222421931473,
      449.4847397208947,
      320.859602560108
    ]
  },
  "holiday": {
    "peak_mean": 1619.5290710599472,
    "peak_std": 170.02888049484574,
    "peak_p95": 1771.948331136701,
    "daily_energy_mean": 15666.316811341703,
    "hourly_p50": [
      21.236512283271498,
      38.3955372451413,
      0.0,
      0.0,
      0.0,
      24.313621931252865,
      134.90369730985182,
      336.40437512517053,
      602.5570953392056,
      914.2762010613466,
      1208.520846875992,
      1349.2714548495637,
      1295.4648868972113,
      1180.4296228861515,
      1250.52835913859,
      1344.774753138327,
      1287.616159056397,
      1116.4746049819394,
      963.8607800515049,
      820.1777008086715,
      619.6287368859867,
      453.656414987309,
      313.5549147988876,
      206.29434575080262
    ],
    "hourly_p95": [
      103.3434403174261,
      125.85823247617378,
      60.0,
      0.0,
      0.0,
      105.53104113975067,
      288.2156251910715,
      568.4714271273186,
      881.2627047799406,
      1259.7140866321197,
      1593.3861752335947,
      1759.5471521147642,
      1705.0119057151057,
      1562.1690612231905,
      1653.8749625754433,
      1771.948331136701,
      1700.4484127049723,
      1499.2633443237655,
      1320.4617743040596,
      1151.738199434946,
      911.2998497795471,
      694.233655385686,
      531.1755749240638,
      382.532189479616
    ]
  },
  "spring_festival": {
    "peak_mean": 1910.5113338442247,
    "peak_std": 184.3991484012039,
    "peak_p95": 2091.898207461145,
    "daily_energy_mean": 18606.544574563373,
    "hourly_p50": [
      22.810878949020136,
      39.19812022866263,
      0.0,
      0.0,
      0.0,
      21.147005905789186,
      133.3104408481741,
      373.7776697374917,
      717.3854379848506,
      1082.7523361787025,
      1463.1115726252392,
      1644.0045765337727,
      1532.0453008076277,
      1412.027989622477,
      1513.296208798959,
      1634.45635932916,
      1530.477253854094,
      1351.7958286522708,
      1162.7085168762173,
      978.7814760748447,
      724.6390471916777,
      510.2339642338944,
      355.46229020175906,
      220.09692761056857
    ],
    "hourly_p95": [
      102.47148712197371,
      125.63909997734642,
      60.0,
      0.0,
      0.0,
      101.74080490621489,
      282.5833661374095,
      612.0426495199805,
      1026.188013663672,
      1453.1433007930002,
      1893.8969599126506,
      2091.898207461145,
      1967.748510453952,
      1830.1843444540837,
      1950.5255813063086,
      2090.418445282757,
      1970.0540933072577,
      1768.2356433307707,
      1539.6502118130647,
      1338.648957882647,
      1036.5093833853002,
      775.2608203546954,
      577.269539096166,
      399.8644829678149
    ]
  }
}