{
  "pv_capacity": 1230.7692307692307,
  "ess_capacity": 1719.9928255249029,
  "ess_power": 859.9964127624514,
  "npc": 53756071.38578493,
  "self_sufficiency": 0.269600796445828,
  "loss_of_load_pct": 0.0,
  "annual_grid_import_kwh": 3345261.7033467456,
  "annual_grid_export_kwh": 0.0,
  "annual_pv_gen_kwh": 1169379.950830767,
  "annual_load_kwh": 4337449.912043325,
  "annual_self_used_kwh": 1169379.950830767,
  "annual_ess_cycles": 786.6504517396434,
  "annual_grid_cost": 2179767.7655692557,
  "annual_carbon_revenue": 46682.81701711505,
  "carbon_reduction_t": 666.8973859587865,
  "capital_cost": 12107021.872881649,
  "subsidy": 641152.949344459,
  "net_capital_cost": 11465868.923537191,
  "payback_years": 14.534389583158264,
  "capex_detail": {
    "pv_module": 1009230.7692307691,
    "pv_inverter": 184615.3846153846,
    "pv_combiner": 84923.07692307692,
    "pv_structure": 3900307.692307692,
    "pv_dc_cable": 246153.84615384616,
    "pv_subtotal": 5425230.769230769,
    "ess_battery": 1891992.1080773931,
    "ess_pcs": 171999.28255249027,
    "ess_fire": 68799.71302099612,
    "ess_subtotal": 2132791.1036508796,
    "charging_120kw": 680000,
    "charging_480kw": 700000,
    "charging_subtotal": 1380000,
    "fixed": {
      "transformer": 760000,
      "switchgear_ac": 260000,
      "switchgear_dc": 50000,
      "cables_ac": 550000,
      "ems": 250000,
      "monitoring": 111000,
      "protection": 8000,
      "ups_station": 100000,
      "civil": 560000,
      "soft": 520000
    },
    "fixed_subtotal": 3169000,
    "total": 12107021.872881649
  },
  "subsidy_detail": {
    "pv_subsidy": 246153.84615384616,
    "ess_subsidy": 214999.10319061283,
    "charging_subsidy": 180000.0,
    "total": 641152.949344459
  },
  "verify_8760h": {
    "grid_import_kwh": 3429029.11437508,
    "grid_export_kwh": 0.0,
    "grid_cost": 1768071.9397515694,
    "pv_gen_kwh": 1254026.7569230744,
    "load_kwh": 4337449.912043325,
    "self_sufficiency": 0.28911613559874316,
    "loss_of_load_pct": 0.0,
    "ess_cycles": 1192.5090624820966
  }
}