{
  "pv_capacity": 1230.7692307692307,
  "ess_capacity": 1504.871457309321,
  "ess_power": 752.4357286546605,
  "npc": 42744389.541973524,
  "self_sufficiency": 0.3517747650577689,
  "loss_of_load_pct": 0.00022976480519095284,
  "annual_grid_import_kwh": 2941913.095913427,
  "annual_grid_export_kwh": 36122.29791244338,
  "annual_pv_gen_kwh": 1522298.503076923,
  "annual_load_kwh": 4224794.81983427,
  "annual_self_used_kwh": 1486176.2051644793,
  "annual_ess_cycles": 1071.3752777667912,
  "annual_grid_cost": 1584497.9173981694,
  "annual_carbon_revenue": 59329.640286371185,
  "carbon_reduction_t": 847.5662898053026,
  "capital_cost": 11840271.376294326,
  "subsidy": 614262.7783175113,
  "net_capital_cost": 11226008.597976815,
  "payback_years": 8.476056469430544,
  "capex_detail": {
    "pv_module": 1009230.7692307691,
    "pv_inverter": 184615.3846153846,
    "pv_combiner": 84923.07692307692,
    "pv_structure": 3900307.692307692,
    "pv_dc_cable": 246153.84615384616,
    "pv_subtotal": 5425230.769230769,
    "ess_battery": 1655358.603040253,
    "ess_pcs": 150487.1457309321,
    "ess_fire": 60194.85829237284,
    "ess_subtotal": 1866040.607063558,
    "charging_120kw": 680000,
    "charging_480kw": 700000,
    "charging_subtotal": 1380000,
    "fixed": {
      "transformer": 760000,
      "switchgear_ac": 260000,
      "switchgear_dc": 50000,
      "cables_ac": 550000,
      "ems": 250000,
      "monitoring": 111000,
      "protection": 8000,
      "ups_station": 100000,
      "civil": 560000,
      "soft": 520000
    },
    "fixed_subtotal": 3169000,
    "total": 11840271.376294326
  },
  "subsidy_detail": {
    "pv_subsidy": 246153.84615384616,
    "ess_subsidy": 188108.93216366513,
    "charging_subsidy": 180000.0,
    "total": 614262.7783175113
  },
  "verify_8760h": {
    "grid_import_kwh": 2962111.6847587517,
    "grid_export_kwh": 72698.4191460741,
    "grid_cost": 1345233.2395023692,
    "pv_gen_kwh": 1632491.6923076923,
    "load_kwh": 4224794.81983427,
    "self_sufficiency": 0.36919976938023374,
    "loss_of_load_pct": 0.0005640089307097427,
    "ess_cycles": 1021.0954740828953
  }
}